variance,skewness,curtosis,entropy,class
-3.621600,-8.666100,0.002328,2.842662,0
-4.545900,-8.167400,1.059489,2.657053,0
-3.866000,2.638300,0.195872,-1.917162,0
-3.456600,-9.522800,2.922657,4.524104,0
-0.329240,4.455200,1.691813,-4.360831,0
-4.368400,-9.671800,2.503990,4.406562,0
-3.591200,-3.012900,-0.443242,-0.808168,0
-2.092200,6.810000,1.918745,-8.265200,0
-3.203200,-5.758800,0.487103,0.839991,0
-1.535600,-9.177200,0.370909,2.358864,0
-1.224700,-8.777900,0.450273,2.312408,0
-3.989900,2.706600,-0.477688,-2.500107,0
-1.899300,-7.662500,3.096582,0.334592,0
1.576800,-10.843000,3.298364,-2.055529,0
-3.404000,-8.726100,0.097399,3.044216,0
-4.676500,3.389500,-0.913021,-3.677707,0
-2.671900,-3.064600,-0.520845,-0.458706,0
-0.803550,-2.847300,0.085244,-4.384546,0
-1.447900,4.879400,3.387741,-7.910229,0
-5.242300,-11.027200,3.369847,4.940992,0
-5.786700,-7.890200,0.071288,2.663544,0
-0.329200,4.455200,1.691813,-4.360831,0
-3.936200,-10.162200,3.369614,4.404855,0
-0.935840,-8.885500,1.376169,1.922044,0
-4.433800,-9.887000,2.970117,5.208251,0
-0.705700,5.498100,4.140310,-7.784959,0
-1.143200,3.741300,1.500497,-5.409571,0
0.382140,-8.390900,4.032722,-1.550634,0
-6.563300,-9.818700,2.496006,4.861616,0
-4.890600,3.358400,-0.542037,-3.548683,0
0.248110,0.177970,0.615202,-4.870525,0
-1.488400,-3.627400,0.034298,-3.343802,0
-4.296900,-7.617000,0.576329,2.508441,0
0.965110,-9.411100,5.073739,-0.948470,0
1.616200,-0.809080,0.676261,-8.157441,0
-2.439100,-6.441700,0.556568,0.905646,0
-2.688100,-6.019500,0.611189,0.569027,0
-3.628900,-0.813220,-0.512084,-1.729096,0
-4.567900,-3.192900,-0.622252,2.033190,0
-3.480500,-9.700800,2.808303,4.245687,0
-4.171100,-8.722000,0.116833,3.078579,0
0.206200,-9.220700,6.146958,4.724158,0
0.006892,-9.293100,1.875104,0.714558,0
-0.964410,-5.839500,0.297928,-2.305276,0
-2.856100,-6.917600,-0.602236,0.708229,0
0.786900,-9.566300,6.818650,4.913870,0
-2.084300,-6.625800,2.261835,-0.131611,0
0.786900,-9.566300,6.818650,4.913870,0
-3.910200,-6.065000,0.290143,2.529936,0
-1.634900,-3.286000,0.363814,-2.853519,0
-4.323900,4.883500,1.107935,-3.302946,0
-5.262000,-3.983400,-1.241461,1.379983,0
-3.145200,-5.825000,1.395533,0.741833,0
-2.549000,-6.149900,1.040327,1.339737,0
-4.926400,-5.496000,0.112694,2.526130,0
-4.826500,-0.802870,-0.916781,-1.802711,0
-2.563500,-6.776900,-0.477967,0.551813,0
-5.807000,-5.009700,-0.783541,2.142201,0
-3.137700,4.109600,-0.262525,-4.668647,0
0.782890,-11.360300,6.903821,1.474590,0
-2.888000,-0.446960,0.959120,-4.496014,0
-0.496650,-5.527000,0.743973,-1.682835,0
-4.258600,-11.296200,3.651708,4.723710,0
-1.793900,1.117400,0.499333,-1.485577,0
-5.402100,-3.103900,-1.726294,0.894562,0
-2.536700,-2.599000,0.129165,-2.099442,0
-4.605400,4.076500,0.115683,-2.774765,0
-2.423500,-9.533200,2.258794,3.475037,0
-1.000900,-7.784600,2.583897,0.694957,0
-0.123260,-8.984800,2.256961,1.304224,0
-3.952900,2.354800,-0.104608,-2.425425,0
-4.137300,-0.492480,-1.634116,-1.365443,0
-4.718100,-10.015300,3.193002,4.503542,0
-4.165400,3.449500,-0.504615,-3.768334,0
-4.406900,-10.907200,3.656516,5.213694,0
-2.306600,-3.536400,-0.324187,-0.634030,0
-3.793500,-7.985300,1.450404,2.809179,0
-0.049175,-6.143700,0.991143,-1.648041,0
-0.248350,-7.643900,1.017589,-0.839652,0
-1.131700,-3.964700,-0.301576,-3.488020,0
-2.803300,-9.086200,0.483129,3.485288,0
-4.468200,-2.290700,-0.670543,-1.075801,0
-5.018500,-8.597800,0.805703,3.101727,0
-1.866400,-7.776300,2.889608,0.699132,0
-3.245000,-6.630000,-0.957901,0.490541,0
-4.029600,-2.675600,-0.581746,-0.909047,0
1.131300,-1.903700,0.169144,-7.601021,0
-0.876030,-6.814100,0.301163,-0.804776,0
-4.119700,2.795600,-0.341892,-2.150662,0
-3.802700,-0.815290,-0.682733,-2.238462,0
-1.480600,-7.637700,0.585292,2.915049,0
-4.063200,-3.584000,-0.276464,-0.778280,0
-4.306400,-8.206800,0.980687,2.972408,0
-2.448600,6.317500,1.042235,-7.897388,0
-3.271800,-1.783700,-0.274758,-2.185995,0
0.644720,4.606200,3.982295,-7.820313,0
-2.954300,-1.076000,-0.781913,-0.777663,0
-2.161600,6.880400,1.355257,-8.038660,0
-3.820000,-10.927900,4.339002,4.748431,0
2.741900,-11.403800,5.907859,-1.635341,0
-3.366900,5.185600,1.706422,-3.469269,0
-4.559700,2.421100,-1.183704,-2.861704,0
-5.112900,0.498710,-1.006785,-0.795925,0
-3.339700,4.614500,0.857555,-3.896117,0
-4.202700,-0.227610,-0.810497,-1.101430,0
-3.543800,-1.239500,-1.815772,-2.309483,0
-2.313600,-10.665100,4.156482,4.231109,0
1.858400,-7.886000,1.555412,1.931399,0
-3.106000,-9.541400,3.288307,4.827438,0
-2.916300,-10.830600,3.548181,3.947356,0
-3.992200,4.467600,0.691715,-3.667343,0
-1.518000,-5.694600,0.041242,-0.089468,0
-3.235100,-9.647000,2.061106,3.573828,0
-4.218800,-6.816200,-0.951692,1.145627,0
-1.781900,-6.917600,1.357138,1.505235,0
-2.533100,-2.913500,-0.007666,0.831032,0
-3.896900,-7.416300,-0.423760,1.780126,0
-2.108000,-6.795500,-0.511180,0.091966,0
-2.896900,-0.707680,-1.485088,-2.553760,0
-0.929700,3.797100,1.018369,-4.539481,0
-3.464200,-10.687800,3.525424,4.007942,0
-4.071300,-10.402300,4.046943,4.865180,0
1.457200,-9.121400,5.333601,-0.919461,0
1.507500,-1.922400,0.237589,-7.198053,0
0.917180,-9.988400,5.346611,-0.348294,0
-2.994000,-7.201100,-0.507262,1.150107,0
2.343000,-12.951600,6.390129,-2.357893,0
-3.781800,2.884600,0.508288,-2.203414,0
-4.668900,-1.309800,-1.876830,-0.353355,0
-3.466300,-1.111200,-1.049730,-1.930481,0
-3.269700,4.341400,0.871610,-3.596327,0
-5.130200,-8.670300,1.037728,3.091700,0
-2.013900,-6.141600,-0.503036,-0.463691,0
-0.433900,-5.539500,0.717373,-1.944721,0
1.040100,-9.398700,5.402465,-0.015033,0
-4.160500,-11.219600,3.466353,4.207660,0
-5.438000,-9.466900,3.098884,5.494114,0
-5.032000,-8.202600,0.610634,2.755043,0
-5.241800,-10.538800,3.582907,4.736201,0
0.206200,-9.220700,6.146958,4.724158,0
-2.091100,-0.943580,-0.506843,-4.688207,0
-1.731700,0.347650,1.634713,-3.983822,0
-4.173600,-3.333600,-0.819675,1.312331,0
-3.923200,3.246700,-0.285810,-3.546271,0
-3.848100,-10.153900,3.567583,4.469216,0
-0.519500,3.263300,1.456079,-2.897391,0
-3.858400,-0.784250,-1.507266,-1.355780,0
-1.749600,0.175900,-0.465538,-5.321037,0
-3.627700,-0.982900,-0.518502,-0.779316,0
-2.739100,-7.401800,2.510263,0.325009,0
-4.544700,-8.227400,1.189916,2.635187,0
1.759900,-11.921100,3.701731,-2.122655,0
-5.069100,-0.213130,-1.162887,-0.389491,0
-3.459100,-11.112000,4.372761,4.948879,0
-1.935800,-8.165400,2.227128,0.376459,0
-2.486000,0.995330,0.988267,-5.250443,0
-2.422600,4.575200,0.717894,-5.907427,0
-3.947900,3.772300,0.431431,-2.850605,0
-2.263400,4.486200,1.176862,-3.514973,0
-1.356600,-4.235800,0.016700,-2.158057,0
-5.045200,-3.896400,-1.076050,1.277801,0
-3.549900,-8.616500,0.673104,3.426887,0
-0.173460,-7.869500,3.783703,0.327170,0
-2.400800,-9.359300,2.786252,3.839638,0
-4.885100,-1.599500,-1.619953,-0.256281,0
-4.192700,3.267400,0.189231,-2.586137,0
-1.116600,-8.649600,1.638330,1.234004,0
-1.023500,-6.901000,2.365266,2.405829,0
1.803000,-11.881800,5.527917,-1.195765,0
-0.117390,-6.276100,2.201738,1.917536,0
-0.570600,0.024800,0.749487,-1.138876,0
-4.055200,2.458300,-0.662826,-2.414009,0
1.695200,-1.065700,0.443363,-8.869238,0
1.119300,-10.727100,5.908377,-1.184105,0
-1.879900,-2.470700,0.017935,-2.521336,0
-3.583000,3.797100,0.661465,-3.377203,0
-0.190810,-9.129700,5.167998,4.589963,0
-3.658200,-5.686400,-0.033809,1.731732,0
0.131440,1.777500,0.955545,-8.284111,0
-2.392500,-9.798000,2.312701,3.440241,0
-1.642600,-3.014900,0.180934,-0.202681,0
0.117830,1.578900,1.283855,-7.926752,0
0.695720,-8.616500,4.563741,-1.142034,0
-2.942100,-7.410100,0.720325,1.103358,0
1.755900,-11.945900,5.321602,-2.290316,0
1.253700,-10.880300,4.572543,-1.230850,0
-3.258500,4.461400,0.743839,-3.731985,0
-1.831400,-6.367200,-0.054619,0.028079,0
-4.564500,3.627500,0.174989,-2.876439,0
-2.736500,5.032500,1.613742,-6.488236,0
-0.929700,3.797100,1.018369,-4.539481,0
-3.966300,-10.168400,3.905467,4.782935,0
-1.457800,0.084850,0.069582,-4.219565,0
-4.827200,-3.068700,-0.690050,-0.803885,0
2.341000,-12.378400,7.600368,0.490974,0
1.858400,-7.886000,1.555412,1.931399,0
-4.145400,-7.257000,0.550563,2.026375,0
-1.915700,-6.081600,2.023917,0.080552,0
-4.021500,2.191400,-0.741274,-2.612930,0
-5.886200,-5.874700,-0.143463,2.829088,0
2.089700,-10.826500,3.746929,-1.796266,0
-4.002600,3.594300,0.291695,-3.555442,0
0.786890,-9.566300,6.818650,4.913870,0
-4.175700,-10.261500,3.649505,4.481280,0
-0.832920,-7.540400,1.015737,-0.497276,0
-4.807700,-2.232700,-1.575471,0.017093,0
-5.306300,-5.268400,0.068512,2.937280,0
-2.560500,-9.268300,0.777502,3.759210,0
-2.105900,-7.604600,1.748666,0.760464,0
-2.172100,0.738740,1.570058,-5.286677,0
-4.289900,-9.181400,3.552389,5.226766,0
-3.515600,-10.189100,4.247814,5.001987,0
-2.614000,-8.008100,0.707966,3.884373,0
-0.680870,-2.325900,0.224650,-4.934104,0
-4.196200,-0.744930,-0.613488,-0.940105,0
-6.091900,-2.967300,-1.644727,1.082738,0
-1.323400,-3.296400,0.155314,-0.214545,0
-1.326400,-1.032600,1.293168,-5.522293,0
0.167350,-7.627400,3.768157,-0.624317,0
1.300000,-10.267800,5.329656,3.833944,0
2.226100,-12.539800,3.942903,-2.356000,0
-2.419600,-6.466500,-0.343595,0.711894,0
-1.098700,-0.639400,1.512481,-5.824100,0
-4.646400,-10.532600,3.436934,5.186712,0
0.360380,-4.115800,0.854594,-3.017766,0
-1.356200,-3.213600,-0.096993,-4.416042,0
-0.570600,0.024800,0.749487,-1.138876,0
2.647900,-10.137400,5.195132,2.170419,0
-3.121900,3.137000,0.671245,-1.843592,0
-5.494400,-1.547800,-1.898136,-0.342849,0
1.338900,-1.552000,0.089343,-7.154710,0
2.336100,-11.960400,5.858847,-2.193986,0
-2.259600,0.033118,1.014978,-4.633772,0
-0.469010,0.633210,0.794662,-7.350990,0
-2.729600,-2.870100,-0.423647,-0.584712,0
-2.046600,-2.030000,0.423021,-2.136225,0
1.327400,-9.498000,5.585856,-1.586512,0
-3.890500,2.152100,-0.679645,-2.770631,0
-3.999400,-0.904270,-1.485484,-1.419153,0
-2.395200,-9.508300,2.474363,3.609819,0
-3.270400,-6.932100,-0.395151,0.996048,0
1.393100,-1.566400,0.404857,-7.568042,0
-1.640600,-3.548800,0.578201,-1.322228,0
-2.774400,-6.857600,-0.241419,1.042165,0
-2.428700,-9.382100,0.928343,3.435218,0
-4.213400,2.806000,-0.351137,-2.092289,0
-1.647200,-0.482130,-0.467652,-4.878115,0
-2.059700,0.993260,1.104832,-5.101879,0
-0.379800,-0.709800,0.557381,-0.678358,0
-1.013500,-8.455100,1.794315,1.977033,0
-4.569100,4.455200,0.492733,-3.138459,0
-0.574610,-10.110500,4.073485,2.357964,0
-0.573400,-9.193800,1.706691,1.191049,0
-5.286800,-3.257000,-1.367078,1.172679,0
-4.010200,-10.656800,4.354795,4.880122,0
-4.142500,3.679200,-1.010789,-4.035911,0
-3.093400,2.917700,0.127699,-2.230687,0
-2.203400,-5.994700,-0.756591,-0.656530,0
-3.744000,-0.794590,-0.845350,-1.104348,0
-3.032900,-2.294800,-0.015896,-2.142363,0
-3.773100,-7.207300,0.672727,1.808908,0
-3.155700,-2.890800,-0.695042,-0.714455,0
-1.811400,-7.606700,2.283312,1.352642,0
-4.988000,-7.205200,0.632684,3.425750,0
-2.483000,-6.615500,0.773411,0.925250,0
-1.594000,-4.705500,0.134349,-1.371671,0
0.016103,-9.748400,1.617618,0.100347,0
-3.849600,-9.793900,3.753984,4.797113,0
-0.929700,3.797100,1.018369,-4.539481,0
-4.934200,-2.410700,-1.632023,-0.080354,0
-3.841700,-10.021500,4.187418,4.986347,0
-5.391500,-9.994600,2.727063,4.287493,0
-4.407200,0.070365,-0.798588,-2.193533,0
-2.694600,-6.797600,-0.506635,0.327790,0
-5.275600,-0.138630,-1.110434,-0.298768,0
-3.431200,-6.263700,0.051947,1.983851,0
-4.052000,0.165550,-0.435176,-0.528412,0
-1.363800,4.775900,3.177306,-8.019898,0
-0.895660,-7.776300,1.481701,3.016224,0
-1.926500,-7.755700,3.012899,0.647523,0
-0.209770,0.461460,0.310459,-7.773842,0
-4.068000,2.936300,-0.150643,-2.250473,0
-2.877000,4.059900,0.888649,-3.530349,0
-0.322300,0.898080,0.581591,-8.097007,0
1.300000,-10.267800,5.329656,3.833944,0
-1.774700,6.433400,2.162162,-7.909138,0
-1.341900,4.422100,2.979095,-7.719001,0
-0.896060,-10.547100,3.761305,2.030901,0
-0.441250,-2.948700,-0.030503,-4.381212,0
-3.242200,-6.226500,1.447913,0.105563,0
-2.567800,-3.513600,0.497960,-0.542845,0
2.215300,-11.962500,7.701736,1.140318,0
-4.134900,-6.118900,-0.186327,2.430172,0
-1.934000,0.000009,1.088876,-4.703571,0
-2.506800,-1.158800,0.489689,-3.896265,0
-2.146400,-6.079500,2.112355,0.919566,0
-0.051979,-7.052100,2.790676,2.521704,0
-1.270600,-8.035000,2.131111,0.536494,0
-1.143000,-0.833910,1.416206,-5.298895,0
-2.292800,-9.038600,0.775992,3.405013,0
-0.329200,4.455200,1.691813,-4.360831,0
-2.971900,-6.836900,-0.746401,0.155350,0
-1.684900,-8.748900,1.170990,1.465324,0
1.917700,-11.689400,3.634152,-2.001536,0
-2.372900,-10.472600,2.691222,3.472452,0
-1.028400,-9.767000,1.549208,1.631131,0
-0.274510,-9.218600,4.271062,4.003734,0
-1.603200,4.786300,3.426908,-8.082725,0
-4.616000,-10.178800,3.710108,4.858708,0
-4.247800,-7.695600,0.630183,2.903935,0
-4.021500,2.700400,0.028564,-2.522285,0
-5.029700,4.970400,0.782498,-3.422224,0
-1.590200,-2.294800,0.325120,-3.229197,0
-2.127400,-5.193900,0.880689,1.958989,0
-1.181100,-8.384700,0.570588,2.172709,0
-0.329200,4.455200,1.691813,-4.360831,0
-5.735300,-5.280800,-0.427998,2.220180,0
-2.671800,-5.657400,1.585022,-0.487793,0
-1.579900,4.707600,2.768375,-7.578839,0
-2.949900,-2.249300,0.247156,-1.323430,0
-0.519500,3.263300,1.456079,-2.897391,0
-3.735200,-9.591100,2.696877,4.378997,0
1.734400,-2.017500,0.290408,-7.812556,0
-3.884000,-10.027700,3.416889,4.519967,0
-3.525700,-1.282900,-1.475407,-2.185309,0
-4.454900,-2.497600,-0.795680,-1.170179,0
0.161080,6.462400,2.810236,-8.016377,0
-4.216400,-9.460700,4.401095,5.687303,0
-3.515200,-6.822400,0.357805,0.738839,0
-1.698800,-2.909400,0.345377,-2.885901,0
-1.060700,-2.454200,0.562201,-2.461153,0
-2.042100,-1.243600,-0.233457,-4.306643,0
-3.559400,-1.307800,-1.433260,-1.534099,0
-3.000900,-5.812600,0.308394,2.307249,0
-3.929400,-1.411200,-0.603995,-1.925795,0
-3.466700,4.072400,-0.851996,-4.476596,0
-3.966000,-3.921300,-0.222074,-0.749710,0
-1.019100,-2.330000,-0.047326,-5.002391,0
-0.964140,-5.616000,0.469786,-2.166989,0
-1.820500,-6.756200,-0.388386,-0.071630,0
-4.992300,-7.865300,0.343122,2.435157,0
1.180400,-11.509300,6.759791,0.913056,0
-4.032900,-0.231750,-1.028389,-1.064805,0
-0.660180,-10.387800,3.647437,1.998085,0
-3.598200,-7.130700,-0.413776,1.254213,0
1.858400,-7.886000,1.555412,1.931399,0
-4.097200,-0.469720,-0.643861,-1.789858,0
-3.329900,-0.912540,-0.141415,-1.622700,0
-3.108800,-3.112200,-0.301773,-0.866445,0
4.285900,-8.523400,1.396187,-2.957196,0
1.252800,-10.203600,5.875632,-1.275249,0
-0.519500,3.263300,1.456079,-2.897391,0
-0.329200,4.455200,1.691813,-4.360831,0
-0.888720,-5.344900,0.511076,-1.989545,0
-3.545800,-9.371800,3.276461,4.604339,0
0.216610,-8.032900,4.132313,-1.253800,0
-2.720600,-9.082100,0.438221,3.421781,0
-3.205100,-8.688900,0.318097,2.989872,0
-2.691700,-10.816100,3.719764,3.930288,0
2.324200,-11.517600,5.594021,-0.959819,0
-2.716100,4.200600,0.487960,-4.166361,0
-3.384800,-3.267400,-0.105883,-0.937779,0
-1.745200,-4.802800,-0.291956,-2.160066,0
-2.805000,-0.577320,-0.988365,-1.515675,0
-5.782300,-5.578800,-0.321051,2.388078,0
-3.899900,-1.734000,-0.705269,-1.732762,0
-3.518900,-6.332000,-0.258289,1.760368,0
-3.229400,-7.739100,2.450065,0.770926,0
-3.498500,-3.163900,0.198542,-0.198151,0
-2.194800,-1.378100,-0.665997,-1.278121,0
-2.252600,-9.963600,2.460870,3.604239,0
-4.152900,3.935800,0.465387,-2.825281,0
-0.743070,-11.170000,3.806402,2.002507,0
-1.910500,-8.871000,0.380894,2.428079,0
1.505500,-0.070346,1.574652,-6.704311,0
-0.588360,-10.772700,4.057126,2.048292,0
-3.230300,-7.838400,0.647176,3.681364,0
1.992200,-11.654200,5.561756,-1.806389,0
-2.852300,-9.009600,2.707665,4.236733,0
-4.277200,-2.495500,-0.280788,-0.536065,0
-1.509900,-0.039307,1.274811,-6.108987,0
-5.418800,-10.145700,3.014680,4.612386,0
-0.862020,-2.696300,0.130578,-4.323604,0
-3.811700,-10.145700,3.873742,4.710278,0
-0.547770,-10.375400,3.870586,2.175781,0
-2.371800,-7.490800,1.722462,0.256623,0
2.495300,-11.147200,3.723902,-1.369616,0
-4.636100,2.661100,-0.740720,-2.988467,0
2.252700,-11.532100,3.638545,-2.045895,0
-3.798200,-10.423000,4.260778,4.886898,0
0.362790,-8.289500,2.991605,2.419073,0
-2.126500,-6.878300,2.265096,-0.094666,0
-0.867360,-5.564300,0.427888,-1.629627,0
-3.783100,-10.052600,3.082551,4.423579,0
2.262300,-12.117700,7.707710,0.928726,0
-1.261600,-4.430300,1.521528,1.591109,0
-2.679900,-3.134900,-0.524387,-0.428032,0
0.398160,-5.978100,1.365424,-1.192280,0
-4.393700,-0.357980,-0.866244,-2.204248,0
-2.969500,-5.622200,1.184488,-0.091441,0
-1.304900,0.155210,1.759615,-6.293317,0
-2.212300,5.839500,2.057810,-7.539613,0
-1.964700,-6.938300,-0.565301,-0.673950,0
-3.086400,2.584500,0.043330,-2.251846,0
-0.379800,-0.709800,0.557381,-0.678358,0
-0.589820,-7.426600,3.116307,-0.757124,0
-0.147830,-7.946000,3.467810,-0.538343,0
0.062025,-6.197500,1.288997,-0.908542,0
-4.223000,-1.131900,-0.836397,-0.863492,0
-0.642950,-7.101800,0.462923,-0.280334,0
-1.941000,-0.463510,-0.347524,-4.760170,0
-4.004700,-0.459370,-1.385099,-1.598457,0
-3.776700,-9.779400,2.877544,4.411966,0
-3.476900,0.153140,-2.023563,-2.882038,0
-1.981800,-9.262100,1.298147,3.770496,0
-3.802300,3.869600,-0.309071,-4.143361,0
-4.348300,-11.107900,3.562383,4.700855,0
-1.151800,-1.386400,1.254832,-5.139679,0
1.257600,-1.589200,0.676938,-6.987937,0
-1.957200,5.115300,2.759421,-8.283009,0
2.484000,-12.161100,4.136940,-2.200330,0
1.149700,-1.295400,0.586142,-7.704158,0
-4.836800,-10.013200,3.597913,4.947651,0
0.121960,-8.806800,4.322596,-0.272816,0
-1.942900,-6.396100,-0.559436,-0.182004,0
-1.742000,4.809000,3.325449,-7.789892,0
1.522200,-10.840900,4.482264,-2.107466,0
1.300000,-10.267800,5.329656,3.833944,0
-3.424600,0.146930,-0.162090,-0.839107,0
-2.550300,4.951800,1.407780,-6.229369,0
-1.569100,-6.346500,2.351634,0.557541,0
-1.308700,-4.922800,0.095544,-2.011114,0
-5.177600,-8.231600,1.041494,3.456582,0
-2.229000,-9.632500,2.196086,3.498921,0
-5.627200,-10.085700,3.095652,4.836917,0
-1.213800,-8.798600,0.393662,2.256564,0
-0.379800,-0.709800,0.557381,-0.678358,0
-0.541500,-6.031900,0.718743,-1.589635,0
-4.052400,-5.680200,-0.334022,1.940944,0
-4.728500,-2.106500,-1.587542,0.035136,0
-3.435900,-0.662160,-1.539750,-2.374200,0
-0.868160,-10.242900,3.725577,2.099861,0
-3.359000,-9.802200,3.069863,4.354746,0
-3.670200,-2.994200,-0.169912,-0.888934,0
-1.334900,-6.118900,-0.419388,-0.537190,0
-3.188700,3.414300,0.634086,-2.708351,0
-2.452700,-2.965300,0.087103,-0.188910,0
-3.912100,-2.973500,-0.452872,-1.011822,0
-3.936400,-10.588500,3.677478,4.353888,0
-3.941400,3.290200,-0.577732,-3.298386,0
-3.692200,3.958500,-0.655523,-4.501872,0
-5.681000,-7.795000,0.494051,2.796516,0
-0.771240,-9.086200,1.289020,1.447569,0
-3.576100,-9.775300,2.798624,4.472363,0
-1.602000,-6.125100,-0.390173,-0.597634,0
-2.668200,-10.216000,3.419215,4.025848,0
-2.000700,-1.864400,-0.053448,-2.690587,0
-0.642150,-3.128700,0.032625,-4.341649,0
-4.384800,3.072900,-0.782493,-3.204157,0
-0.774450,-9.055200,0.994472,2.596436,0
-0.965740,-8.393000,1.234945,1.573561,0
-3.094800,-8.732400,0.501147,3.016232,0
-4.936200,-7.604600,0.476008,2.447497,0
1.945800,-11.221700,3.696603,-1.346198,0
-5.740300,0.442840,-1.299887,-0.590770,0
2.698900,-12.198400,8.548803,0.668953,0
-1.147200,-3.598500,0.731995,-1.846929,0
-2.974200,-8.960000,0.571086,3.029030,0
-4.570700,-7.209400,0.962990,3.472801,0
-0.184800,-6.507900,1.176629,-1.852036,0
-0.872560,-9.293100,2.048050,1.118456,0
-0.395590,-6.886600,0.833182,-0.940035,0
-3.838400,-6.185100,-0.286941,2.023930,0
-2.820900,-7.310800,1.727221,1.102339,0
-2.581700,-9.754600,2.462154,3.604442,0
-3.821300,-0.231750,-1.716133,-2.310205,0
-0.379800,-0.709800,0.557381,-0.678358,0
-3.489300,-6.690000,0.194361,1.249994,0
1.778100,-0.854600,1.088192,-7.046827,0
-2.096200,-2.476900,0.343612,-1.907633,0
-0.947320,0.571130,1.792360,-6.996046,0
-2.826100,-9.400700,0.521196,3.427127,0
-0.007125,-8.366100,3.847964,0.095318,0
-0.967880,-7.190700,2.626461,-0.879762,0
-4.743200,-2.108600,-1.612533,-0.393905,0
-3.657500,-7.279700,0.774934,2.420223,0
-3.883200,-6.402300,0.591071,2.555932,0
-3.477600,-8.811000,0.412681,3.293709,0
-1.131500,-7.921200,2.980364,-0.634581,0
-2.823700,-2.859700,-0.534135,-0.283832,0
-1.932100,-6.042300,2.068427,0.064173,0
-3.063200,3.331500,-0.013935,-5.196659,0
1.841100,-10.830600,3.485223,-2.251511,0
-2.808400,-11.304500,3.842593,3.989633,0
-2.569800,4.407600,0.859312,-5.924110,0
0.126240,-10.321600,5.462471,4.623542,0
-3.375600,4.095100,-0.373480,-4.480589,0
0.048008,1.603700,0.579598,-8.489450,0
-0.570600,0.024800,0.749487,-1.138876,0
-0.884440,-6.590600,0.523729,-0.482380,0
-3.864400,-3.706100,-0.237670,-0.750449,0
-1.299900,-2.576200,0.501878,-1.956274,0
-2.005100,6.863800,1.509269,-7.994322,0
-4.929400,-0.277270,-0.299950,-0.258019,0
-2.829700,-6.348500,0.464376,0.818178,0
-2.565000,-8.633000,0.823713,3.161885,0
-2.093000,-8.306100,3.235685,0.489353,0
-4.601400,-5.626400,-0.522901,2.067150,0
-5.061700,0.357990,-0.916462,-0.597705,0
0.295100,-9.048900,1.970825,0.845970,0
-3.577000,-2.400400,-0.427508,-1.982080,0
-3.943300,-2.501700,-0.653868,-1.644028,0
-2.664800,-10.754000,3.585396,4.009645,0
-5.937400,-6.166400,-0.044214,2.615788,0
-2.015300,-1.847900,0.067658,-3.165893,0
-5.878200,-5.940900,0.154610,2.914468,0
2.398300,-12.606000,6.178449,-2.004557,0
-1.762000,-4.368200,-0.410484,-2.230070,0
-4.240600,2.485200,-0.455144,-1.700132,0
-3.466900,-6.870000,0.557144,1.158216,0
-3.189600,-5.752600,0.268168,0.230154,0
-0.813560,-9.156600,3.793711,2.776855,0
-0.528550,-0.964270,1.664933,-3.810764,0
-2.131900,2.040300,0.460958,-2.516270,0
-0.331110,-4.573100,0.509121,-2.002004,0
-1.274600,-8.817200,1.533887,1.794344,0
-2.209100,-7.455600,3.053638,1.828607,0
-2.532800,-7.528000,2.549610,0.828335,0
-3.624400,-1.460900,-1.693456,-1.635146,0
1.388500,-12.502600,7.563887,0.498206,0
-5.722700,-5.831200,-0.134710,2.418401,0
-3.358300,-10.356700,3.070042,4.262843,0
-2.522700,-2.236900,-0.358535,-2.814336,0
-0.045304,-6.733400,1.089221,-0.911632,0
-4.827800,-7.759800,0.823436,2.610048,0
-1.947600,4.773800,3.177733,-8.129987,0
-2.765900,-0.662160,0.929672,-4.053877,0
0.106480,0.767710,0.579652,-7.762390,0
-0.722520,0.053811,2.221299,-5.389162,0
-4.247500,-1.481600,-1.017336,0.328447,0
-3.977200,-0.335210,-1.782866,-2.567107,0
-3.666700,-4.302000,-0.246267,-0.605206,0
-2.823200,-10.851300,3.437183,3.730219,0
1.421700,-11.654200,7.006030,1.168064,0
-4.245800,-1.198100,-0.831064,-0.806264,0
-4.103800,4.806900,1.010104,-3.230862,0
-1.450700,-8.790300,0.295331,2.307003,0
-3.464700,3.917200,0.265021,-3.982169,0
-1.853300,-6.145800,2.174171,-0.685930,0
-3.528800,-0.715960,-1.608489,-2.229775,0
-3.971900,-1.036700,-0.870124,-0.907014,0
-3.534000,-9.361400,0.662651,3.781822,0
-3.689400,-9.887000,3.674577,4.711639,0
-3.067200,4.411700,1.404938,-3.648944,0
-2.646300,4.815200,0.991159,-6.277130,0
-2.289300,-3.733000,0.491703,-0.561190,0
-1.567300,-7.927400,2.133799,0.395511,0
-4.040500,-0.515240,-0.931584,-1.188261,0
-4.384600,4.879400,0.555553,-3.320169,0
-2.016500,0.252460,-0.254173,-5.275411,0
-4.044600,-11.174100,3.999969,5.046058,0
0.337290,0.649760,0.484855,-7.684663,0
2.460400,-12.730200,7.691227,0.289355,0
-4.119500,-10.925800,3.519751,4.498899,0
-2.019300,-0.823560,-0.677344,-4.801980,0
-1.570100,-7.912900,2.213666,0.056813,0
-2.641500,-7.586000,1.602487,0.542989,0
-5.021400,-8.076400,1.217020,3.282294,0
-4.343500,-3.329500,-0.510777,-0.927300,0
-1.823800,6.774800,1.846787,-8.199346,0
-3.938200,-0.929100,-0.545500,-0.881619,0
-2.251700,5.142200,1.904681,-4.043424,0
-5.504000,-10.367100,3.281248,4.987707,0
-2.852100,-9.171000,0.619492,3.789667,0
-1.167600,-9.156600,0.470109,2.187169,0
-2.610400,-8.008100,1.702216,0.508465,0
-0.324440,-10.067000,3.890133,1.829272,0
-3.896200,4.790400,1.062050,-3.269512,0
-2.175200,0.809100,1.469541,-4.933047,0
-1.158800,-8.933100,0.787829,2.231416,0
-4.707200,-8.295700,1.071599,2.762142,0
1.966700,-11.805200,7.711672,1.631174,0
-4.055200,-0.401430,-0.417570,-1.540590,0
-2.367800,6.839000,1.760059,-8.246899,0
-0.335650,-6.836900,0.659116,-0.601477,0
-4.339800,5.303600,1.302661,-3.722347,0
-1.545600,-8.548200,2.217079,-0.072768,0
-1.427600,-8.384700,1.615040,2.381468,0
0.278020,-8.188100,2.006247,3.490621,0
-0.936110,-8.641300,1.032456,1.819007,0
-4.635200,3.008700,-0.778256,-2.833937,0
-1.526800,5.587100,3.054959,-8.280445,0
-0.956260,-2.472800,0.483657,-4.436763,0
2.791400,-1.773400,1.454173,-6.629740,0
-5.203200,-3.511600,-1.196567,1.079911,0
-3.183600,-7.232100,2.391413,1.463417,0
-0.654970,-5.181500,0.582908,-0.988281,0
-5.608400,-10.300900,3.548870,5.422222,0
-1.105000,-7.443200,3.060149,0.068567,0
-3.929200,2.915600,0.041798,-2.233864,0
-1.155800,-6.400300,-0.444963,-1.640404,0
-2.558100,-2.621800,-0.108007,-1.891483,0
-2.783100,-10.979600,3.793243,4.202129,0
-3.763500,-2.781100,-0.234149,-0.706517,0
2.647900,-10.137400,5.195132,2.170419,0
-1.065200,-8.368200,1.411504,1.641416,0
1.427500,-11.879700,6.976743,0.683690,0
-5.745600,-10.180800,3.534561,5.405174,0
-5.086000,-3.279800,-1.303812,1.079428,0
-3.409200,-5.404900,0.493852,2.632465,0
0.236100,-9.322100,4.658698,-1.419394,0
-3.819700,-8.995100,3.297399,4.959891,0
1.139100,-1.812700,0.389014,-6.938975,0
-4.924900,-0.689060,-1.073616,-0.953125,0
-2.508900,-6.841000,-0.448193,-0.041197,0
0.206200,-9.220700,6.146958,4.724158,0
-3.946000,-6.851400,0.309746,1.612609,0
0.278000,-8.188100,2.006247,3.490621,0
-1.859200,-3.207400,0.233877,0.198693,0
-0.569530,-7.629400,3.430063,-1.051769,0
-3.462600,4.449000,0.401810,-3.523220,0
-3.395100,-1.148400,-1.725730,-2.440105,0
-5.042900,0.529740,-1.013479,-0.671197,0
-3.775800,-7.178300,-0.634042,1.438018,0
-4.656200,-7.639800,0.843909,2.588181,0
-4.094800,2.967400,-0.374426,-2.457732,0
-1.838400,-6.063000,-0.420565,-0.620662,0
-2.015300,-0.436610,1.028692,-4.480641,0
-3.525100,-0.720100,-0.371634,-1.772762,0
-3.757000,5.423600,1.835618,-3.582452,0
-2.598900,-3.517800,-0.681953,-0.879813,0
-1.899400,-0.974620,-0.142581,-4.301766,0
-3.694100,3.948200,-0.476645,-4.391126,0
-4.429500,2.350700,-0.631574,-1.826082,0
-6.824800,-5.218700,-0.937111,2.425769,0
-1.896700,2.516300,1.227074,-2.649969,0
-2.152600,6.166500,1.603796,-7.929841,0
-3.300400,-7.081100,-0.427487,1.274619,0
-2.721300,-7.050000,-0.504939,0.515436,0
-3.884600,3.033600,0.196660,-2.533831,0
-4.166500,0.444900,-0.238321,-0.275149,0
-0.942250,-5.856100,0.614936,-1.802191,0
-5.132100,0.031048,-1.050349,-0.496585,0
-0.382510,-6.812100,0.888553,-1.694664,0
-3.033300,2.592800,0.063392,-2.337158,0
-2.923300,-6.046400,0.561957,0.202077,0
-1.162000,-10.292600,3.788906,1.898185,0
-3.779100,-2.576200,-0.353640,-1.382138,0
-0.777650,-5.978100,0.535057,-1.124240,0
0.383880,1.047100,0.769949,-8.029814,0
-0.210840,-9.435900,1.821323,0.384191,0
-2.957100,4.593800,0.359109,-5.923552,0
-4.643900,3.372900,-0.139413,-2.652060,0
-3.357700,4.306200,0.761887,-5.978520,0
-3.512700,-2.907300,-0.237228,-1.108660,0
-2.656200,-10.704400,3.508946,3.905503,0
1.361200,-10.694000,3.133147,-1.227176,0
0.278000,-8.188100,2.006247,3.490621,0
-1.040000,6.932100,2.579760,-7.983527,0
-2.188100,-2.735600,0.388658,-1.282794,0
-4.275600,2.652800,-0.598365,-2.258916,0
0.119960,-6.874100,0.805070,-0.803907,0
-2.973600,-8.794400,0.789686,3.806296,0
-3.779800,3.310900,0.348863,-2.626867,0
-5.358600,-3.755700,-1.336953,1.544368,0
-1.837300,-6.129200,-0.414320,-0.916366,0
-1.226200,-0.895990,1.015094,-5.667784,0
0.048008,0.560780,0.760486,-7.697300,0
-0.570600,0.024841,0.749467,-1.138879,0
-4.363400,-0.463510,-1.771924,-1.726547,0
-3.482000,4.163400,0.625142,-3.445425,0
-0.519470,3.263300,1.456098,-2.897388,0
-2.316400,2.628000,0.578381,-3.100595,0
1.834800,-11.033400,5.327058,-2.382295,0
-1.375400,-8.879300,0.231539,1.974125,0
0.166820,-5.897400,0.769782,-0.382681,0
-0.299610,-7.132800,1.119000,0.495906,0
-0.250350,-9.326200,5.600478,4.620291,0
-2.467300,-1.392600,-0.141216,-1.756213,0
-0.778050,-6.642400,0.865557,1.293832,0
-3.446500,-2.950800,-0.378703,-1.099884,0
-2.242900,4.142700,1.215453,-5.106025,0
-3.732100,3.884000,0.531234,-3.315415,0
-4.336500,3.584000,-0.162904,-3.760178,0
2.075900,-10.822300,5.191046,-1.854676,0
-4.071500,-7.639800,0.829639,2.239759,0
-0.761630,-5.820900,0.825255,-1.080099,0
0.539660,-7.327300,1.509267,-0.232592,0
-2.621300,-5.791900,1.566774,0.181648,0
-3.024200,3.337800,0.945723,-2.468953,0
-5.851900,-5.390500,-0.315129,2.383751,0
-0.570600,0.024800,0.749487,-1.138876,0
-3.977100,-11.151300,3.676564,4.558464,0
-1.547800,-9.181400,1.460714,1.884305,0
-0.740540,-0.366250,-0.134040,-2.247843,0
-0.495710,-10.224300,3.794849,1.711719,0
-1.645000,-7.861200,3.376075,1.421617,0
-3.607700,-6.857600,-0.460642,1.103728,0
-3.240300,3.708200,0.418210,-5.279983,0
-3.916600,-10.249100,3.770694,4.740834,0
-3.926200,-6.029900,-0.250585,2.001036,0
-5.591000,-10.464300,3.598700,5.008524,0
-3.752200,3.697800,-0.664186,-4.149286,0
-1.311400,-4.546200,0.136148,-2.300525,0
-3.702200,-6.994200,-0.162273,1.848473,0
-4.364000,3.103900,-0.404010,-2.469302,0
-3.582900,-1.442300,-1.223693,-1.228452,0
-4.650000,4.829700,0.789169,-3.373379,0
-5.173100,-3.960600,-0.712930,1.894801,0
-3.269200,-3.418400,0.098393,-0.194057,0
-2.401200,-1.622300,-0.233781,-3.106012,0
-1.725700,4.469700,3.071238,-7.837951,0
-4.796500,-6.985900,0.033348,2.026871,0
-4.096200,-10.189100,3.516057,4.538205,0
-2.555900,-3.360500,0.053101,-2.049020,0
-3.491600,-8.570900,0.110131,3.087845,0
-0.519500,3.263300,1.456079,-2.897391,0
-2.985600,-7.267300,2.151502,0.754863,0
-4.093200,-5.413200,-0.517865,1.762588,0
-1.774800,0.769780,-0.414098,-5.720609,0
-5.201200,-0.326940,-1.137072,-0.361984,0
0.450620,1.367800,1.506531,-6.935514,0
-4.845100,-8.111600,0.992603,3.145200,0
-0.748410,-7.275600,0.712129,-1.051950,0
-5.121300,-8.556500,0.997770,3.592009,0
-3.618100,3.745400,1.145600,-2.681097,0
-0.040498,-8.523400,4.108428,-0.813415,0
2.647900,-10.137400,5.195132,2.170419,0
-0.379840,-0.709750,0.557384,-0.678317,0
0.959230,-0.091039,2.437629,-5.911856,0
-2.867200,-10.000800,2.569860,3.651875,0
-1.018200,-9.109000,1.594722,0.880955,0
2.714300,-11.453500,4.244062,-1.463298,0
-3.824400,3.108100,-0.129992,-2.504874,0
-2.796100,-2.121000,-0.090848,-1.875806,0
-3.535800,-6.708600,-0.601017,0.733582,0
0.705600,-8.724100,4.887429,-1.475099,0
-4.154200,-7.275600,0.807579,2.635379,0
-0.927030,-9.431800,1.548547,0.916155,0
-1.821600,6.474800,1.672913,-7.886798,0
2.447300,-12.624700,7.681971,0.471804,0
-3.586200,3.095700,0.197675,-2.813010,0
-0.661910,-9.659400,1.598233,0.544918,0
-4.792600,-1.707100,-1.482311,-0.182430,0
-4.985200,-8.351600,0.868778,2.711794,0
-0.757360,-3.029400,0.523504,-2.869838,0
-4.649900,-7.633600,0.066063,1.977379,0
0.023579,-7.174200,0.870750,-0.656437,0
-0.855740,-0.008268,1.557627,-6.439818,0
-0.882980,-0.660090,1.367550,-5.867912,0
-4.042200,4.391000,-0.380470,-4.866027,0
-2.254600,-8.099200,3.190627,0.757217,0
-0.384780,-6.598900,0.505522,0.417825,0
-3.154100,5.171100,0.464850,-6.607734,0
-2.396900,-0.235890,-0.660961,-5.012813,0
-4.711400,-2.075500,-1.264928,0.073223,0
-4.012700,-10.147700,3.406837,4.525260,0
-2.660600,-3.168100,0.122586,-1.966940,0
-3.931000,-1.854100,-1.219904,-0.169497,0
-0.017270,-8.693000,4.136798,-0.761133,0
-3.241400,-0.409710,-0.961242,-1.571216,0
-2.250400,-3.575700,-0.224929,-0.392752,0
1.397100,-3.319100,1.752374,1.687609,1
-0.390120,0.142790,-0.351526,-0.023283,1
1.667700,7.153500,0.278985,-7.947099,1
3.848300,12.804700,3.718497,-15.288931,1
3.568100,8.213000,0.621592,-10.110235,1
2.280400,0.306260,-1.150562,-1.533568,1
1.758200,-2.739700,1.810357,2.850598,1
0.894090,-3.199100,2.623932,2.260200,1
-0.343400,-0.124150,-0.189684,0.260869,1
0.985400,6.661000,0.371776,-5.838220,1
2.411500,9.135900,2.106342,-9.127267,1
1.525200,6.253400,0.245556,-5.380226,1
0.614420,0.091058,-0.545732,0.235711,1
0.365060,-2.892800,2.452247,4.079947,1
5.903400,-6.567900,6.703307,0.376655,1
1.821500,-2.752100,2.210990,1.081804,1
0.774610,1.876800,-0.742162,-2.549792,1
1.818700,9.036600,1.531367,-8.886043,1
3.580100,12.930900,4.597565,-12.613981,1
1.821900,6.882400,0.798792,-5.409744,1
0.348100,0.386960,-0.693399,0.374550,1
-0.473680,-3.360500,3.288366,5.083399,1
3.408300,-4.858700,4.686602,1.520749,1
1.666200,0.300050,0.198053,-1.410179,1
2.096200,7.105900,1.368338,-6.484581,1
2.668500,10.451900,3.136701,-8.730701,1
0.474650,4.349600,-0.431125,-2.083190,1
-1.055200,-1.185700,-0.522131,2.591324,1
-1.164400,-3.809500,3.267623,5.519928,1
4.477900,-7.370800,6.643148,1.368243,1
2.733800,-0.455230,0.166579,-2.443120,1
2.286000,5.448400,0.036483,-5.870468,1
1.624400,6.344400,0.560874,-4.626723,1
-0.508130,-0.477990,-0.879837,1.865733,1
-1.640800,-4.250300,1.862436,5.258389,1
-0.815830,-4.840000,5.184368,6.148006,1
5.490100,-9.104800,5.842091,1.317708,1
3.223800,-2.793500,0.900670,-0.184111,1
2.063100,1.514700,-0.249065,-1.273643,1
0.913180,2.011300,-0.096154,0.182859,1
-0.600500,-1.932700,-0.194322,3.299018,1
-0.913150,-3.337700,1.019038,4.267655,1
0.280150,-3.072900,2.349965,3.800101,1
3.608500,-3.325300,3.448428,1.072193,1
6.200300,-8.680600,3.658839,0.570255,1
4.293200,-3.341900,1.106423,-0.606970,1
3.026500,0.062088,0.161827,-0.668961,1
1.701500,0.010356,0.369105,1.064213,1
0.643260,-2.474800,0.554218,3.069692,1
0.863390,-1.934800,0.705081,2.514152,1
2.065900,-1.051200,1.011463,0.628951,1
2.133300,-1.568500,1.710631,0.356249,1
1.256800,1.473300,0.008216,-2.906296,1
3.112800,6.841000,2.684814,-10.448845,1
4.855400,5.903700,2.529802,-10.718008,1
2.588000,-3.865400,1.211758,0.529682,1
-0.243940,-1.473300,0.356132,1.493296,1
1.532200,5.096600,0.871828,-6.623057,1
4.002500,13.497900,6.044646,-16.940171,1
4.017300,8.312300,3.368146,-12.076487,1
3.073100,0.531810,-0.393194,-2.479739,1
1.979000,-3.230100,2.337753,1.744685,1
0.429400,0.146930,0.161053,-0.019308,1
2.234000,7.031400,0.566469,-7.497289,1
4.211000,12.473600,3.713193,-14.568896,1
3.807300,8.097100,0.949238,-10.153716,1
2.591200,0.105540,-0.828374,-1.426954,1
2.248200,-3.091500,2.263257,2.785242,1
1.442700,-3.292200,3.088651,2.483953,1
0.394160,0.020702,0.431120,0.135376,1
1.522000,6.638300,1.004951,-5.661595,1
2.826700,9.040700,2.389003,-8.804070,1
1.726300,6.023700,0.528409,-5.223549,1
0.942550,-0.039307,-0.349885,0.189519,1
0.895690,-3.002500,2.839066,4.101322,1
6.281500,-6.665100,7.006641,0.577379,1
2.321100,-3.166000,2.525207,1.412621,1
1.341400,2.077600,-0.159937,-2.869650,1
2.258000,9.326300,2.315122,-9.122853,1
3.885800,12.846100,5.098388,-12.147695,1
1.896900,6.789300,1.146797,-5.160232,1
0.526450,0.248320,-0.485571,0.384909,1
-0.009661,-3.561200,3.666595,5.042665,1
3.882600,-4.898000,4.873149,1.706448,1
2.140500,0.167620,0.413136,-1.272032,1
2.482400,7.304600,1.653115,-6.662421,1
2.909800,10.071200,3.286731,-7.999935,1
0.609750,4.002000,-0.305342,-1.918486,1
-0.836250,-1.107100,-0.324317,2.450030,1
-0.607310,-3.954400,3.683573,5.414904,1
4.886100,-7.054200,6.846335,1.259023,1
3.136600,-0.422120,0.473697,-2.580164,1
2.575400,5.657400,0.310608,-6.129879,1
1.878200,6.586500,0.779789,-4.785532,1
-0.242610,-0.573180,-0.738166,1.847471,1
-1.296000,-4.285500,2.107546,5.239905,1
-0.259430,-5.009700,5.519239,5.976378,1
5.873000,-9.175200,5.924872,1.216309,1
3.460500,-2.690100,1.035100,0.000279,1
2.379700,1.440200,0.017568,-1.138569,1
1.242400,1.717500,0.125559,0.551967,1
-0.202160,-1.918200,0.096532,3.339010,1
-0.598230,-3.501200,1.139604,4.209600,1
0.779950,-3.232200,2.548811,3.726603,1
4.140900,-3.461900,3.765194,1.080722,1
6.508400,-8.769600,3.924808,0.386828,1
4.499600,-3.428800,1.240848,-0.373133,1
3.312500,-0.101390,0.378604,-0.500161,1
1.942300,-0.376600,0.612659,1.402913,1
0.757930,-2.534900,0.770790,3.206455,1
0.954030,-1.982400,0.818630,2.474831,1
2.217300,-1.467100,1.044255,0.901345,1
2.799000,-1.967900,2.020231,0.748823,1
1.862900,0.848410,0.300784,-2.521693,1
3.591600,6.228500,2.741805,-9.932270,1
5.121600,5.311800,2.672644,-10.090740,1
3.285400,-4.037200,1.729406,0.733125,1
0.568770,-1.417400,0.887804,1.583580,1
2.351800,4.835900,1.099576,-6.556611,1
4.486100,13.288900,5.887441,-16.591976,1
4.387600,7.726700,3.308212,-11.590682,1
3.360400,0.326960,-0.260711,-2.200273,1
1.011200,-2.998400,1.416108,1.405229,1
-0.030219,1.051200,-0.544781,-1.506166,1
1.651400,8.498500,0.202803,-9.193664,1
3.269200,12.740600,2.573772,-15.343578,1
2.570100,6.845200,-0.701116,-9.223131,1
1.306600,-0.252440,-1.634687,-1.030711,1
1.663700,-3.288100,1.839917,2.589811,1
0.550080,-2.865900,2.144030,2.008934,1
-0.214310,0.695290,-0.155669,-0.912699,1
0.772880,7.447300,0.658829,-6.468575,1
1.839100,9.088300,1.548740,-9.111501,1
0.632980,5.127700,-0.747766,-4.737705,1
-0.004054,-0.629050,-0.849143,0.514712,1
0.286960,-3.178400,2.590812,4.031628,1
5.240600,-6.625800,6.745090,1.269879,1
1.444600,-2.143800,1.573267,0.727480,1
0.657670,2.801800,-0.404504,-3.821831,1
1.544900,10.149800,2.722166,-9.303906,1
2.895700,12.020500,4.585180,-11.337200,1
0.814790,5.738100,0.369898,-4.388060,1
-0.502250,-0.653880,-0.579539,1.102210,1
-0.745210,-3.635700,3.401413,4.998032,1
2.914600,-4.053700,3.911562,1.082217,1
1.390700,1.378100,0.381960,-2.273742,1
1.786000,8.115700,2.304751,-6.809089,1
1.732200,9.282800,2.903181,-7.355400,1
-0.552980,3.461900,-0.820558,-1.856014,1
-2.031000,-1.852000,-0.474162,2.974546,1
-1.227900,-4.030900,3.137927,5.198381,1
4.224900,-6.269900,5.502174,0.711267,1
2.534600,0.773920,0.523962,-3.319098,1
1.749000,6.332000,0.813143,-6.045932,1
0.539000,5.167000,0.486620,-3.405706,1
-1.563100,-0.895990,-0.954866,1.843523,1
-2.391700,-4.556500,2.082592,5.380836,1
-0.895120,-4.773800,4.764439,5.658083,1
5.480800,-8.181900,5.013861,0.512470,1
2.883300,-1.771300,0.565945,-0.608417,1
1.417400,2.253500,-0.374712,-1.596271,1
-0.428300,0.949810,-0.485017,1.009657,1
-1.590400,-2.212100,-0.372003,3.098250,1
-1.742500,-3.683300,1.071759,4.232671,1
0.233560,-3.240500,2.264424,3.463779,1
3.622700,-3.995800,3.800553,0.964867,1
6.153600,-7.929500,3.320870,-0.098342,1
3.917200,-2.665200,0.895678,-0.656832,1
2.221400,0.237980,0.032286,-0.561948,1
0.492410,-0.893920,0.306818,1.697192,1
-0.265170,-2.406600,0.147674,2.900410,1
0.102340,-1.818900,0.213467,2.278344,1
1.617600,-1.092600,0.536661,0.444444,1
1.844800,-1.254000,1.102170,-0.101006,1
1.278600,2.408700,0.245047,-4.591698,1
2.902000,7.656300,2.683207,-11.554307,1
4.377300,5.516700,2.114411,-10.740466,1
2.052900,-3.838500,1.074422,0.975527,1
-0.188680,-0.701480,-0.085587,0.504644,1
1.727900,6.841000,0.727794,-8.945684,1
3.379300,13.773100,4.811742,-17.388762,1
3.127300,7.112100,1.864346,-11.236391,1
2.121000,0.055880,-1.031452,-2.136660,1
1.769700,-3.432900,2.159638,1.571591,1
0.001285,-0.138630,-0.038816,0.192812,1
1.682000,6.812100,-0.198986,-7.260315,1
3.491700,12.173600,2.856592,-14.095570,1
3.115800,8.628900,0.673654,-10.463743,1
2.089100,0.484220,-1.455470,-1.955764,1
1.693600,-2.785200,1.562293,2.458161,1
1.284600,-3.271500,2.944219,2.255446,1
0.092194,-0.393150,0.084859,0.345995,1
1.029200,6.387900,0.074672,-5.582549,1
2.208300,9.106900,1.688332,-8.843869,1
1.074400,6.311300,0.042894,-5.414957,1
0.510030,0.235910,-0.750771,-0.139436,1
0.363720,-3.043900,2.204687,3.874187,1
6.397900,-6.447900,6.705639,-0.035038,1
2.250100,-3.312900,2.723489,1.326064,1
1.185900,1.251900,-0.408791,-2.356461,1
1.807600,8.813100,1.576476,-8.567465,1
3.386300,12.988900,4.728884,-12.468244,1
1.410600,7.108000,0.573643,-5.624914,1
0.213940,0.682870,-1.166668,-0.282517,1
-0.487970,-3.567400,3.078207,4.930440,1
3.816700,-5.140100,5.261959,1.492153,1
1.955500,-0.206920,0.561257,-1.173953,1
2.178600,6.447900,1.149200,-5.927604,1
2.329900,9.953200,3.176113,-8.078203,1
-0.003120,4.006100,-0.625034,-1.916978,1
-1.351800,-1.059500,-0.761691,2.252275,1
-1.230900,-3.892300,3.202350,5.395080,1
5.030100,-7.503200,7.390065,1.306101,1
3.079900,-0.608360,0.657569,-2.633456,1
2.298700,5.227000,-0.025201,-5.704170,1
1.239000,6.541000,0.786043,-4.750624,1
-0.758960,-0.291760,-1.086229,1.499133,1
-1.679900,-4.206800,1.653456,4.858271,1
-0.636550,-5.202200,5.229793,6.109235,1
6.059800,-9.295200,6.222711,1.427441,1
3.518000,-2.876300,1.217936,0.036173,1
2.033600,1.409200,-0.179393,-1.201050,1
0.697450,1.767200,0.068268,0.359850,1
-0.751080,-1.916100,-0.283826,3.103610,1
-0.845460,-3.482600,0.810945,3.804398,1
0.556480,-3.213600,2.244507,3.705236,1
3.681700,-3.223900,3.250053,1.216872,1
6.752600,-8.817200,3.669443,0.643938,1
4.577000,-3.451500,1.040127,-0.510767,1
2.988300,-0.312450,0.002358,-0.455651,1
1.478100,-0.142770,0.298001,1.223886,1
0.466510,-2.338300,0.563895,3.107673,1
0.873400,-1.653300,0.427407,2.291473,1
2.123400,-1.181500,0.714755,0.675651,1
2.314200,-2.083800,1.582825,0.724660,1
1.423300,0.989120,-0.020983,-2.391324,1
3.086600,6.636200,2.529738,-10.271218,1
4.733100,6.178900,2.842352,-11.079769,1
2.882900,-3.896400,1.123295,0.369066,1
0.036127,-1.525000,0.531438,1.510634,1
1.710400,4.778000,0.579091,-6.196601,1
3.820300,13.055100,4.929682,-16.388902,1
3.718100,8.508900,2.877419,-12.061368,1
2.899000,0.604240,-0.953206,-2.787938,1
0.981930,-2.795600,1.354454,1.464008,1
0.172960,1.181600,-0.508407,-1.479548,1
1.940900,8.684800,0.503247,-9.189412,1
3.571300,12.492200,2.793492,-14.631236,1
2.991500,6.625800,-0.443909,-8.830258,1
1.848300,-0.310380,-1.280438,-0.985883,1
2.267700,-3.296400,2.080899,2.614007,1
0.508160,-2.868000,1.950089,2.142236,1
-0.143290,1.088500,-0.324858,-1.067866,1
0.907840,7.902600,0.723153,-6.750686,1
2.004200,9.367600,1.561811,-9.202274,1
0.935870,5.100800,-0.659832,-4.697758,1
0.408040,-0.542140,-0.732972,0.417731,1
0.817200,-3.381200,2.839587,4.163873,1
4.839200,-6.675500,6.458541,1.268739,1
1.279200,-2.137600,1.305758,0.688583,1
0.660080,3.226000,-0.573670,-3.944100,1
1.771300,10.766500,2.590445,-9.935487,1
3.006100,12.237700,4.003908,-11.470066,1
1.102200,5.839500,0.035391,-4.615387,1
-0.118060,-0.391080,-0.576810,0.903116,1
-0.116860,-3.735000,3.626007,5.067522,1
2.726400,-3.921300,3.515337,1.055029,1
1.236900,1.690600,-0.116101,-2.567776,1
1.843900,8.647500,1.859964,-7.480738,1
1.855400,9.603500,2.181627,-7.527798,1
-0.163580,3.358400,-1.125113,-1.570239,1
-1.507700,-1.959600,-0.357516,3.039898,1
-0.678860,-4.119900,3.375663,5.160606,1
3.993400,-5.833300,4.962712,0.231965,1
2.389800,0.784270,-0.281159,-3.096202,1
1.797600,6.768600,0.156197,-6.733769,1
0.708670,5.560200,-0.258589,-4.139719,1
-1.019400,-1.102900,-0.946437,2.178769,1
-1.787500,-4.780000,2.392878,5.579218,1
-0.273310,-4.877300,4.978585,5.769251,1
5.166100,-8.043300,4.449843,0.659969,1
2.702800,-1.632700,0.221044,-0.811391,1
1.490400,2.218300,-0.631794,-1.725478,1
0.014902,1.024300,-0.788639,0.827052,1
-0.889920,-2.263800,-0.368576,3.084923,1
-1.063700,-3.695700,1.263368,4.411345,1
0.847100,-3.132900,2.431563,3.433857,1
3.959400,-4.028900,3.791664,0.963459,1
5.881800,-7.658400,2.966552,-0.092872,1
3.774700,-2.516200,0.436488,-0.774666,1
2.419800,0.244180,-0.303210,-0.758228,1
0.835350,-0.804940,-0.066842,1.650970,1
0.304320,-2.652800,0.214188,2.844122,1
0.602540,-1.723700,0.424437,2.244125,1
2.105900,-1.181500,0.733559,0.656071,1
2.044100,-1.227100,1.106608,-0.012684,1
1.562100,2.212100,0.389994,-4.250421,1
3.230500,7.213500,2.755895,-11.351944,1
4.842600,4.993200,2.152234,-10.194022,1
2.314700,-3.666800,1.123023,0.883456,1
0.117160,-0.604220,-0.002026,0.390359,1
2.006600,6.719000,1.311690,-8.920837,1
3.696100,13.677900,5.335907,-16.953506,1
3.601200,6.538900,2.129864,-10.317238,1
2.628600,-0.180020,-0.679949,-1.925676,1
0.826010,-2.961100,1.245430,1.499692,1
-0.318030,0.993260,-0.704031,-1.219853,1
1.445400,8.438500,0.427168,-8.890938,1
3.142300,13.036500,3.105974,-15.380782,1
2.537300,6.959000,-0.132609,-8.936164,1
1.366000,-0.184160,-1.419506,-1.141503,1
1.706400,-3.308800,1.813617,2.598605,1
0.419650,-2.909400,1.900353,2.109148,1
-0.376370,0.823580,-0.613197,-0.892341,1
0.553550,7.923300,0.315770,-6.749298,1
1.600100,9.582800,1.390298,-9.301425,1
0.370130,5.554000,-0.780995,-4.958117,1
-0.121260,-0.223470,-1.032330,0.315664,1
0.270680,-3.267400,2.494460,3.995612,1
5.119000,-6.648600,6.432501,1.069418,1
1.394600,-2.313400,1.402538,0.672677,1
0.698790,3.377100,-0.841097,-4.305687,1
1.480000,10.524400,2.047867,-9.716874,1
2.664900,12.813000,3.866559,-12.214417,1
0.626840,6.301000,-0.343954,-4.898414,1
-0.518000,-0.258650,-1.080884,0.680136,1
-0.643760,-3.764000,3.298602,5.052014,1
2.982100,-4.198600,3.823129,1.202676,1
1.462800,1.570600,-0.111098,-2.483658,1
1.710100,8.790300,1.696481,-7.804194,1
1.557200,9.880800,2.335792,-7.839924,1
-0.744280,3.772300,-1.303660,-1.839687,1
-2.017700,-1.798200,-0.670065,2.888845,1
-1.164000,-3.913000,3.107123,5.103291,1
4.366700,-6.069200,5.488988,0.290159,1
2.591900,1.055300,-0.158700,-3.968586,1
1.804600,6.814100,-0.105311,-6.802120,1
0.718680,5.715400,-0.411589,-3.942728,1
-1.437800,-0.668370,-1.331500,1.841074,1
-2.194300,-4.550300,1.913428,5.341084,1
-0.737600,-4.852500,4.845477,5.625863,1
5.637000,-8.126100,4.972930,0.655194,1
3.019300,-1.777500,0.563240,-0.657434,1
1.670600,2.090000,-0.455067,-1.675820,1
0.126900,1.150500,-0.720137,0.849181,1
-1.219800,-2.098200,-0.626720,3.135968,1
-1.450100,-3.606700,0.942492,4.255531,1
0.408570,-3.097700,2.192936,3.344932,1
3.895200,-3.815700,3.723407,0.906672,1
6.367900,-8.010200,3.247486,0.084357,1
4.142900,-2.774900,0.817761,-0.561598,1
2.686400,0.097265,0.036024,-0.618611,1
1.055500,-0.794590,0.196484,1.749071,1
0.298580,-2.476900,0.191835,3.018371,1
0.499480,-1.773400,0.321163,2.325775,1
1.988100,-0.999450,0.647136,0.391677,1
1.938900,-1.570600,1.115379,0.130107,1
1.437500,1.862400,0.085322,-4.062671,1
3.187500,7.575600,2.428296,-11.631129,1
4.676500,5.663600,2.046302,-10.781628,1
2.028500,-3.846800,1.061300,0.810351,1
-0.266370,-0.732520,-0.141100,0.665025,1
1.758900,6.462400,1.010269,-8.422960,1
3.598500,13.659300,5.216071,-16.998507,1
3.358200,7.240400,2.354006,-11.211687,1
2.362900,0.105540,-0.819335,-2.087472,1
2.180200,-3.379100,2.437599,1.626955,1
0.409510,0.155210,0.097185,-0.045907,1
2.291800,7.257000,0.335412,-8.005795,1
4.021400,12.800600,3.388185,-15.277968,1
3.388400,8.215000,0.646421,-10.357900,1
2.004600,0.494570,-1.425406,-1.575378,1
1.706300,-2.795600,1.948178,2.716203,1
1.638600,-3.358400,3.250051,2.266525,1
0.416450,-0.324870,0.303335,0.388404,1
1.587700,6.607200,0.595624,-5.780188,1
2.596100,9.349000,1.808881,-9.629787,1
1.522800,6.478900,0.038063,-5.822531,1
0.530720,0.097265,-1.063856,0.052148,1
0.490810,-2.845200,2.492244,4.083751,1
6.577300,-6.801700,7.575364,0.334334,1
2.462100,-2.764500,2.724228,1.065056,1
1.399500,1.916200,-0.198249,-2.578154,1
2.322100,9.330400,2.233236,-8.994381,1
3.730000,12.972300,4.681741,-12.402004,1
1.698800,7.116300,0.740616,-5.745074,1
0.266540,0.645620,-0.946110,0.275528,1
-0.333250,-3.310800,3.257383,5.080213,1
4.209100,-4.728300,5.074834,1.301158,1
2.314200,0.684940,0.753027,-1.888754,1
2.483500,7.449400,1.715736,-6.710619,1
2.761100,10.509900,3.342283,-8.607018,1
0.360250,4.449000,-0.601909,-2.228293,1
-1.011700,-0.902200,-0.789596,2.254841,1
-0.967080,-3.842600,3.309984,5.517120,1
5.204900,-7.259000,7.221600,1.072079,1
3.320300,0.026910,0.907373,-2.855006,1
2.565000,5.789900,0.894126,-5.945527,1
1.595100,6.572000,1.677944,-4.562585,1
-0.704900,-0.171740,-0.636119,1.707410,1
-1.733100,-3.954400,1.729213,5.074180,1
-0.681800,-4.850400,5.213606,6.104039,1
6.336400,-9.284800,6.703106,1.047215,1
3.805300,-2.427300,1.180232,-0.502457,1
2.197900,2.125200,-0.177848,-1.764647,1
0.878740,2.212100,-0.106842,0.035423,1
-0.740670,-1.729900,-0.356105,3.179741,1
-0.982960,-3.422600,1.069608,4.188086,1
0.348900,-3.192900,2.611288,3.861436,1
3.855200,-3.521900,3.753173,0.983383,1
6.959900,-8.993100,4.549845,0.499705,1
4.746200,-3.120500,1.448804,-0.858932,1
3.205100,0.142790,0.107513,-0.970783,1
1.754900,0.080711,0.247599,0.806401,1
0.595870,-2.481100,0.438676,2.972521,1
0.895420,-2.027900,0.888909,2.535472,1
2.075400,-1.276700,1.148195,0.831920,1
3.277800,-1.802300,2.391873,0.196086,1
2.218300,1.254000,0.109783,-3.018590,1
3.589500,6.572000,1.808282,-10.369893,1
5.047700,5.802300,2.144246,-11.044543,1
3.574100,-3.944000,2.081818,0.409834,1
0.735100,-1.736100,0.910259,1.656591,1
2.261700,4.742800,0.882941,-6.288196,1
4.244000,13.063400,5.444050,-16.462645,1
4.021800,8.304000,3.455345,-12.164227,1
3.020100,0.672530,-0.423931,-2.806470,1
2.494100,-3.544700,2.598589,1.800779,1
0.831210,-0.039307,0.236604,-0.016885,1
2.566500,6.882400,0.480740,-7.559465,1
4.401800,12.937100,4.109031,-15.200246,1
3.757300,8.291600,1.235871,-10.235888,1
2.472500,0.401450,-0.872741,-1.642246,1
1.972500,-2.882500,1.982047,2.651302,1
2.014900,-3.687400,3.540637,2.523445,1
0.820530,-0.651810,0.444222,0.565139,1
1.788600,6.348600,0.457845,-5.612881,1
2.913800,9.471100,2.122611,-9.552356,1
1.834300,6.590700,0.339535,-5.659462,1
0.873400,0.033118,-0.582418,0.111918,1
0.703460,-2.957000,2.544636,4.042539,1
6.738700,-6.987900,7.601385,0.517156,1
2.772300,-3.277700,2.960689,1.415683,1
1.664100,1.367800,-0.203993,-2.054202,1
2.434900,9.249700,1.900544,-8.803272,1
3.793000,12.709500,4.791908,-12.196236,1
1.955100,6.975600,0.993684,-5.449951,1
0.690780,0.500770,-0.524537,0.275506,1
-0.025013,-3.399800,3.519558,5.045397,1
4.396700,-4.960100,5.303018,1.496924,1
2.456000,0.244180,0.672633,-1.315068,1
2.620000,6.855500,1.587719,-6.042924,1
2.966200,10.325700,3.461896,-8.345183,1
0.714940,4.444800,-0.144200,-2.274663,1
-0.600500,-0.999450,-0.442327,2.170123,1
-0.616520,-3.894400,3.601149,5.356795,1
5.441400,-7.236300,7.488183,1.075268,1
3.579800,-0.459370,0.818658,-2.245277,1
2.776900,5.696700,0.553691,-5.903971,1
1.835600,6.756200,1.334987,-4.910114,1
-0.300810,-0.173810,-0.757604,1.656074,1
-1.340300,-4.132300,1.831182,5.050439,1
-0.268770,-4.987000,5.506850,6.087205,1
6.523500,-9.601400,6.838737,1.340235,1
4.067900,-2.495500,1.214786,-0.613225,1
2.564000,1.705100,-0.088479,-1.535344,1
1.341400,1.916200,0.094058,0.172214,1
-0.238740,-2.087900,0.132937,3.415041,1
-0.621200,-3.677100,1.407802,4.350896,1
0.778480,-3.401900,2.967794,3.999405,1
4.124400,-3.790900,4.026552,1.299085,1
7.042100,-9.200000,4.666110,0.476477,1
4.946200,-3.571600,1.606722,-0.583254,1
3.535900,-0.304170,0.394821,-0.602555,1
2.066200,-0.169670,0.662255,1.122823,1
0.887280,-2.808000,0.696978,3.292771,1
1.094100,-2.307200,1.032712,2.718724,1
2.445800,-1.628500,1.323468,1.106063,1
3.551000,-1.895500,2.440023,0.197637,1
2.281100,0.856690,0.381432,-2.691974,1
3.605300,5.974000,2.396934,-9.837756,1
5.067600,5.187700,2.487652,-10.162563,1
3.920400,-4.072300,2.052019,0.564739,1
1.130600,-1.845800,1.151243,1.556760,1
2.456100,4.556600,1.065318,-6.365113,1
4.477500,13.030300,5.669573,-16.398375,1
4.195800,8.181900,3.479390,-11.729210,1
3.380000,0.707700,-0.313069,-2.613653,1
2.436500,-3.602600,2.637555,1.852006,1
0.776880,-0.130360,0.344662,0.086114,1
2.708300,6.826600,0.595756,-7.533452,1
4.553100,12.585400,3.895468,-15.017201,1
3.889400,7.832200,1.067179,-9.774193,1
2.508400,0.227630,-0.959267,-1.658481,1
2.165200,-3.021100,2.016748,2.762702,1
1.897400,-3.507400,3.522601,2.364365,1
0.620430,-0.558700,0.595689,0.485028,1
1.838700,6.301000,0.690688,-5.611641,1
3.000000,9.156600,2.219301,-9.344471,1
1.911600,6.160300,0.397617,-5.612903,1
1.005000,-0.084831,-0.489769,0.171697,1
0.878340,-3.257000,2.678506,4.147878,1
6.651000,-6.793400,7.602591,0.509541,1
2.546300,-3.110100,2.868227,1.296937,1
1.437700,1.432000,-0.084726,-2.154176,1
2.455400,9.040700,2.245443,-8.616823,1
3.941100,12.879200,5.314705,-12.380724,1
2.124100,6.896900,1.341662,-5.456496,1
0.743240,0.329020,-0.297230,0.386107,1
0.071503,-3.741200,3.489796,5.150840,1
4.233300,-4.916600,5.178209,1.318402,1
2.367500,0.436630,0.689571,-1.603874,1
2.552600,7.362500,1.743271,-6.735720,1
3.098600,10.460200,3.717341,-8.494764,1
0.898090,4.486200,-0.156768,-2.253164,1
-0.562320,-1.001500,-0.349539,2.245567,1
-0.539360,-3.894400,3.534863,5.436507,1
5.301200,-7.391500,7.312256,1.128078,1
3.355300,-0.355910,0.787929,-2.555503,1
2.790800,5.713300,0.477451,-5.951584,1
1.998300,6.607200,1.169530,-4.700314,1
-0.154230,-0.117940,-0.851081,1.568472,1
-1.208000,-4.074400,1.835555,5.113601,1
-0.295200,-4.885600,5.350089,6.060554,1
6.424700,-9.531100,6.770918,1.049279,1
3.993300,-2.621800,1.243564,-0.439505,1
2.659000,1.605800,0.050873,-1.373654,1
1.409400,2.125200,0.173619,0.132764,1
-0.110320,-1.974100,0.117872,3.427437,1
-0.523740,-3.644000,1.328981,4.335880,1
0.767940,-3.459800,2.847188,3.934337,1
3.969800,-3.681200,3.870016,1.220510,1
7.036400,-9.293100,4.509669,0.546253,1
4.944700,-3.300500,1.592512,-0.824021,1
3.593300,-0.229680,0.440573,-0.651703,1
2.167400,-0.124150,0.687758,1.168475,1
0.960700,-2.696300,0.807464,3.289413,1
1.080200,-2.199600,0.855621,2.753954,1
2.327700,-1.438100,1.141910,1.012236,1
3.724400,-1.903700,2.473063,0.427557,1
2.572400,0.956020,0.587856,-2.647940,1
3.929700,6.081600,2.581538,-9.812770,1
5.294300,5.146300,2.720803,-10.031072,1
3.895300,-4.039200,2.109489,0.639773,1
1.224400,-1.748500,1.169102,1.683717,1
2.640600,4.415900,1.073473,-5.887557,1
4.633800,12.750900,5.792248,-16.007573,1
4.288700,7.863300,3.726416,-11.396065,1
3.345800,0.504910,-0.118577,-2.684399,1
1.118800,-3.335700,1.722720,1.635124,1
-0.559390,0.310400,-0.412394,-0.250669,1
1.507800,7.319100,0.021765,-7.993104,1
3.506000,12.566700,3.114540,-14.856284,1
2.949800,8.273000,0.457154,-10.320143,1
1.602900,0.389030,-1.633357,-1.898892,1
1.266700,-2.818300,1.483468,2.691199,1
0.492810,-3.060500,2.511958,2.256336,1
-0.663650,0.045533,-0.260984,0.148947,1
0.720680,6.758300,0.297691,-5.866457,1
1.996600,9.500100,1.641902,-9.542636,1
0.973250,6.416800,-0.143151,-5.695110,1
0.025314,0.173830,-1.222520,-0.078825,1
-0.062525,-2.930100,2.085956,3.921293,1
5.525000,-6.325800,6.682974,0.149609,1
1.294300,-2.673500,1.875741,1.148420,1
0.240370,1.783700,-0.892524,-2.302975,1
1.396800,9.669800,1.825110,-9.294116,1
2.967200,13.286900,4.702351,-12.895860,1
1.100500,7.250800,0.576374,-5.997575,1
-0.224320,0.521470,-1.250083,0.210901,1
-0.904070,-3.370800,2.947238,5.021574,1
2.861900,-4.519300,4.119492,1.240939,1
1.083300,0.312470,-0.207356,-1.330316,1
1.568100,7.244600,1.151254,-6.453052,1
2.054500,10.867900,2.879191,-9.154907,1
-0.234600,4.515200,-1.095449,-2.319422,1
-1.581000,-0.869090,-1.175932,2.156393,1
-1.551400,-3.801300,2.933386,5.440160,1
4.147900,-7.122500,6.325146,1.086248,1
2.262500,0.099335,-0.040626,-2.854195,1
1.747900,5.823000,-0.278824,-5.987230,1
0.959230,6.712800,0.455124,-4.975763,1
-1.345100,-0.235890,-1.603339,1.647972,1
-2.227900,-4.095100,1.333743,5.074823,1
-1.257200,-4.873100,4.974852,6.139931,1
5.385700,-9.121400,5.779647,1.339923,1
2.978600,-2.344500,0.479173,-0.457341,1
1.585100,2.156200,-0.623377,-1.828226,1
0.218880,2.203800,-0.572187,0.005964,1
-1.318300,-1.901700,-0.582240,3.260156,1
-1.489600,-3.428800,0.777773,4.204333,1
-0.115920,-3.221900,2.274063,3.833134,1
3.392400,-3.356400,3.367283,1.262341,1
6.163200,-8.709600,3.555931,0.782109,1
4.078600,-2.923900,0.781978,-0.757255,1
2.589900,0.391100,-0.278238,-0.990238,1
1.011600,0.190380,-0.144691,0.894346,1
-0.066129,-2.491400,0.153975,3.001136,1
0.247450,-1.936800,0.408921,2.565252,1
1.573200,-1.063600,0.717042,0.834767,1
2.166800,-1.593300,1.664400,0.217931,1
1.166700,1.423700,-0.195620,-2.991532,1
2.839100,6.630000,2.056145,-10.289934,1
4.504600,5.812600,2.225009,-10.669997,1
2.410000,-3.743300,1.216443,0.599828,1
-0.406140,-1.349200,0.325756,1.519770,1
1.388700,4.877300,0.675707,-6.451120,1
3.750300,13.458600,5.495092,-16.942164,1
3.563700,8.382700,3.205205,-12.039826,1
2.541900,0.658040,-0.760584,-2.838124,1
